track,artist,album,genre,price,release_date
MILLION DOLLAR BABY,Tommy Richman,MILLION DOLLAR BABY - Single,Hip-Hop/Rap,1.29,2024-04-26
Young Dumb & Broke,Khalid,American Teen,R&B/Soul,1.29,2017-02-02
YOSEMITE,Travis Scott,ASTROWORLD,Hip-Hop/Rap,1.29,2018-08-03
Broadway Girls (feat. Morgan Wallen),Lil Durk,Broadway Girls (feat. Morgan Wallen) - Single,Hip-Hop/Rap,1.29,2021-12-19
Sure Thing,Miguel,All I Want Is You,R&B/Soul,1.29,2010-11-26
Yeah! (feat. Lil Jon & Ludacris),USHER,Confessions (Expanded Edition),R&B/Soul,1.29,2004-01-10
"Hold On, We're Going Home (feat. Majid Jordan)",Drake,Nothing Was the Same (Deluxe),Hip-Hop/Rap,1.29,2013-08-07
One Dance (feat. Wizkid & Kyla),Drake,Views,Hip-Hop/Rap,1.29,2016-04-05
Circles,Post Malone,Hollywood's Bleeding,Hip-Hop/Rap,1.29,2019-08-30
Location,Khalid,American Teen,R&B/Soul,1.29,2016-08-26
Talk (feat. Disclosure),Khalid,Free Spirit,R&B/Soul,1.29,2019-02-07
Sunflower (Spider-Man: Into the Spider-Verse),Post Malone & Swae Lee,Spider-Man: Into the Spider-Verse (Soundtrack From & Inspired by the Motion Picture),Hip-Hop/Rap,1.29,2018-10-19
luther,Kendrick Lamar,GNX,Hip-Hop/Rap,1.29,2024-11-21
Can't Hold Us (feat. Ray Dalton),Macklemore & Ryan Lewis,The Heist (Deluxe Edition),Hip-Hop/Rap,1.29,2011-08-16
In My Feelings,Drake,Scorpion,Hip-Hop/Rap,1.29,2018-06-29
Heartless,Kanye West,808s & Heartbreak,Hip-Hop/Rap,1.29,2008-11-04
No Scrubs,TLC,FanMail,R&B/Soul,1.29,1999-02-02
Let You Down,NF,Perception,Hip-Hop/Rap,1.29,2017-01-01
Kiss Kiss (feat. T-Pain),Chris Brown,Exclusive (Expanded Edition),R&B/Soul,1.29,2007-09-11
LOVE. (feat. Zacari),Kendrick Lamar,DAMN.,Hip-Hop/Rap,1.29,2017-04-14
BUTTERFLY EFFECT,Travis Scott,ASTROWORLD,Hip-Hop/Rap,1.29,2017-05-15
Down On Me (feat. 50 Cent),Jeremih,All About You (Deluxe Edition),R&B/Soul,1.29,2010-09-28
Favorite Song,Toosii,Favorite Song - Single,Hip-Hop/Rap,1.29,2023-02-17
Old Town Road (feat. Billy Ray Cyrus) [Remix],Lil Nas X,7,Country,1.29,2019-04-05
Kayıp Kalp,BLOK3,KAYIP PERSONA,Turkish Hip-Hop/Rap,1.29,2026-06-05
Sebebi Yar,BLOK3,KAYIP PERSONA,Turkish Hip-Hop/Rap,1.29,2026-06-05
BABA,BLOK3,KAYIP PERSONA,Turkish Hip-Hop/Rap,1.29,2026-06-05
Kırgınım,BLOK3,KAYIP PERSONA,Turkish Hip-Hop/Rap,1.29,2026-06-05
Değiştiremezsin Yazılmışsa,BLOK3,KAYIP PERSONA,Turkish Hip-Hop/Rap,1.29,2026-06-05
Son Bi Dans,BLOK3,KAYIP PERSONA,Turkish Hip-Hop/Rap,1.29,2026-06-05
Sakin Ol Champ,BLOK3,KAYIP PERSONA,Turkish Hip-Hop/Rap,1.29,2026-06-05
Çok Güzel Gülüyorsun,BLOK3 & Poizi,KAYIP PERSONA,Turkish Hip-Hop/Rap,1.29,2026-06-05
Allah Allah ?,BLOK3,KAYIP PERSONA,Turkish Hip-Hop/Rap,1.29,2026-06-05
Her Gece,BLOK3,KAYIP PERSONA,Turkish Hip-Hop/Rap,1.29,2026-06-05
KUSURA BAKMA,BLOK3,KAYIP PERSONA,Turkish Hip-Hop/Rap,1.29,2025-11-27
napıyosun mesela ?,BLOK3,KAYIP PERSONA,Turkish Hip-Hop/Rap,1.29,2026-06-05
git,BLOK3,KAYIP PERSONA,Turkish Hip-Hop/Rap,1.29,2025-07-18
No Idea,Don Toliver,Heaven Or Hell,Hip-Hop/Rap,1.29,2019-05-29
My House,Flo Rida,My House,Hip-Hop/Rap,1.29,2015-04-07
Say My Name,Destiny's Child,The Writing's On the Wall,R&B/Soul,1.29,1999-07-14
Cardigan,Don Toliver,Heaven Or Hell,Hip-Hop/Rap,1.29,2020-03-13
Worth It,YK Osiris,Worth It - Single,Hip-Hop/Rap,1.29,2019-02-08
Mr. Rager,Kid Cudi,Man On The Moon II: The Legend Of Mr. Rager (Deluxe Edition),Hip-Hop/Rap,1.29,2010-10-25
"One, Two Step (feat. Missy Elliott)",Ciara,Goodies,R&B/Soul,1.29,2004-09-28
One Dance (feat. Wizkid & Kyla),Drake,Views,Hip-Hop/Rap,1.29,2016-04-05
BUTTERFLY EFFECT,Travis Scott,ASTROWORLD,Hip-Hop/Rap,1.29,2017-05-15
Wild Ones (feat. Sia),Flo Rida,Wild Ones,Hip-Hop/Rap,1.29,2011-12-19
Un-thinkable (I'm Ready),Alicia Keys,The Element of Freedom,R&B/Soul,1.29,2009-12-11
Take What You Want (feat. Ozzy Osbourne & Travis Scott),Post Malone,Hollywood's Bleeding,Hip-Hop/Rap,1.29,2019-09-06
The Way I Are (feat. Keri Hilson & D.O.E.),Timbaland,Shock Value,Hip-Hop/Rap,1.29,2007-04-02
